{
  "VIRMA": [
    "hsa-PDCD11_0002",
    "hsa-ZRANB1_0001",
    "hsa-ARHGAP12_0031",
    "hsa-SGMS1_0011",
    "hsa-ANXA7_0012",
    "hsa-PHF21A_0002",
    "hsa-STIP1_0004",
    "hsa-AMOTL1_0004",
    "hsa-ATXN2_0002",
    "hsa-MED13L_0003",
    "hsa-MED13L_0047",
    "hsa-CLIP1_0207",
    "hsa-RASSF8_0002",
    "hsa-MRPS35_0002",
    "hsa-DENND5B_0007",
    "hsa-SLC38A1_0009",
    "hsa-TUBA1A_0001",
    "hsa-R3HDM2_0042",
    "hsa-CPSF6_0011",
    "hsa-PCCA_0001",
    "hsa-TMCO3_0009",
    "hsa-N4BP2L2_0001",
    "hsa-VWA8_0012",
    "hsa-RABGGTA_0001",
    "hsa-SMOC1_0006",
    "hsa-VRK1_0002",
    "hsa-SETD3_0001",
    "hsa-MGA_0049",
    "hsa-MGA_0008",
    "hsa-EIF3J_0002",
    "hsa-TRPM7_0005",
    "hsa-SLTM_0001",
    "hsa-ARIH1_0012",
    "hsa-CD276_0011",
    "hsa-RP11-437B10_0001",
    "hsa-IGF1R_0001",
    "hsa-IGF1R_0004",
    "hsa-XPO6_0027",
    "hsa-PHKB_0001",
    "hsa-NFATC3_0001",
    "hsa-FUK_0008",
    "hsa-ZFHX3_0015",
    "hsa-ZFHX3_0001",
    "hsa-CDYL2_0001",
    "hsa-USP10_0002",
    "hsa-GSE1_0001",
    "hsa-ACSF3_0005",
    "hsa-ANKRD11_0008",
    "hsa-SPECC1_0001",
    "hsa-SPECC1_0008",
    "hsa-ERBB2_0002",
    "hsa-KANSL1_0001",
    "hsa-VMP1_0002",
    "hsa-QRICH2_0001",
    "hsa-FOXK2_0001",
    "hsa-TBCD_0012",
    "hsa-TBCD_0002",
    "hsa-FAM210A_0002",
    "hsa-MIB1_0003",
    "hsa-ZNF407_0002",
    "hsa-CTD-2006C1_0002",
    "hsa-SAMD4B_0001",
    "hsa-CHAF1A_0004",
    "hsa-POLD1_0002",
    "hsa-MAN1A2_0003",
    "hsa-SDF4_0001",
    "hsa-ATAD3A_0002",
    "hsa-ATAD3A_0003",
    "hsa-ATAD3A_0001",
    "hsa-GBA_0005",
    "hsa-MSTO2P_0001",
    "hsa-YY1AP1_0001",
    "hsa-CCT3_0003",
    "hsa-FAM131C_0002",
    "hsa-NEK7_0001",
    "hsa-PPP1R12B_0004",
    "hsa-ELK4_0002",
    "hsa-ECE1_0001",
    "hsa-ZNF124_0005",
    "hsa-ZNF124_0006",
    "hsa-ZNF124_0002",
    "hsa-SCMH1_0001",
    "hsa-PATJ_0016",
    "hsa-ANKRD13C_0021",
    "hsa-ASXL1_0001",
    "hsa-ASXL1_0004",
    "hsa-SOGA1_0017",
    "hsa-SOGA1_0002",
    "hsa-MYBL2_0002",
    "hsa-TSHZ2_0002",
    "hsa-VAPB_0004",
    "hsa-ZNF831_0001",
    "hsa-ZBTB46_0001",
    "hsa-USP25_0001",
    "hsa-DYRK1A_0011",
    "hsa-ADARB1_0010",
    "hsa-CRKL_0001",
    "hsa-APOBEC3D_0001",
    "hsa-TCF20_0001",
    "hsa-ATXN10_0012"
  ],
  "ZC3HAV1": [
    "MT:2001|2283",
    "hsa-RMRP_0005"
  ],
  "ZMAT5": [
    "hsa-ARHGAP5_0003",
    "hsa-ANKRD12_0037",
    "hsa-CROCCP2_0001",
    "hsa-RMRP_0005",
    "hsa-CDR1_0001"
  ],
  "APEX2": [
    "hsa-RMRP_0005",
    "MT:1712|2294",
    "MT:1726|2294"
  ],
  "TRNAU1AP": [
    "hsa-RMRP_0005"
  ],
  "BRCA1": [
    "hsa-RMRP_0005",
    "hsa-CDR1_0001"
  ],
  "CISD2": [
    "hsa-RMRP_0005"
  ],
  "ICP27": [
    "hsa-MUC16_0001",
    "hsa-ATAD3A_0001",
    "hsa-GTF3C2_0009",
    "hsa-HCG4P5_0003",
    "hsa-HLA-B_0001"
  ],
  "NUDT21": [
    "hsa-KIF20B_0038",
    "hsa-RSF1_0026",
    "hsa-MIR208B_0009",
    "hsa-ANKRD12_0037",
    "hsa-ZNF124_0005",
    "hsa-ZNF827_0018",
    "hsa-FBXW7_0005",
    "hsa-IGF2R_0003",
    "hsa-HCG4P5_0003",
    "hsa-ADGRB3_0004",
    "hsa-PEX1_0016",
    "hsa-CDR1_0001",
    "hsa-FAM120C_0004"
  ],
  "OAS1": [
    "MT:1484|12295"
  ],
  "SNRNP200": [
    "hsa-NFATC3_0001",
    "hsa-RMRP_0005",
    "hsa-MID1_0002",
    "hsa-CDR1_0001"
  ],
  "ZFP36L1": [
    "MT:1704|1845 ",
    "hsa-ZFAND4_0012",
    "hsa-MAN1A2_0003",
    "hsa-BACH1_0001",
    "hsa-RMRP_0005"
  ],
  "TRMT1L": [
    "MT:1699|2883",
    "MT:1846|2294",
    "MT:1993|2283",
    "MT:1993|2294",
    "MT:1997|2283",
    "MT:2001|2283",
    "MT:9158|9800",
    "MT:12511|14412",
    "MT:13449|14285",
    "hsa-NDUFS3_0009",
    "hsa-HSPB8_0002",
    "hsa-PLEKHA5_0117",
    "hsa-SLC38A1_0013",
    "hsa-DDX42_0040",
    "hsa-ERCC1_0007",
    "hsa-ARHGAP35_0009",
    "hsa-PIP5K1A_0037",
    "hsa-YY1AP1_0027",
    "hsa-WASF2_0034",
    "hsa-RIN2_0013",
    "hsa-PDXK_0006",
    "hsa-WDFY1_0067",
    "hsa-MAGI1_0330",
    "hsa-NR3C1_0013",
    "hsa-PRKDC_0138",
    "hsa-RMRP_0005",
    "hsa-RP11-120D5_0008",
    "hsa-OTUD5_0005"
  ],
  "m5C": [
    "hsa-PDCD11_0003",
    "hsa-NUTM2D_0003",
    "hsa-TMED2_0001",
    "hsa-IGHG3_0016",
    "hsa-LCMT1_0023",
    "hsa-GSE1_0001",
    "hsa-BPTF_0046",
    "hsa-BPTF_0045",
    "hsa-ZNF69_0001",
    "hsa-CTD-3105H18_0001",
    "hsa-RPL7AP10_0001",
    "hsa-EEF2_0033",
    "hsa-ZNF816_0001",
    "hsa-ZNF812P_0001",
    "hsa-MAN1A2_0003",
    "hsa-ATAD3A_0002",
    "hsa-MSTO2P_0001",
    "hsa-CROCCP2_0001",
    "hsa-RP1-283E3_0020",
    "hsa-NUDC_0004",
    "hsa-RNF220_0002",
    "hsa-intergenic_044263",
    "hsa-intergenic_028203",
    "hsa-intergenic_030243",
    "hsa-RERE_0023",
    "hsa-GNAS_0006",
    "hsa-NCL_0006",
    "hsa-GTF3C2_0009",
    "hsa-ANKRD36C_0003",
    "hsa-SATB1_0015",
    "hsa-CANX_0027",
    "hsa-GUSBP1_0001",
    "hsa-TARS_0004",
    "hsa-HCG4P5_0007",
    "hsa-HCG4P3_0010",
    "hsa-HLA-B_0001",
    "hsa-MIR6891_0001",
    "hsa-HLA-S_0001",
    "hsa-HLA-DRB1_0002",
    "hsa-HLA-DRB1_0003",
    "hsa-HLA-DRB1_0004",
    "hsa-STAG3L5P-PVRIG2P-PILRB_0005",
    "hsa-ZNF767P_0006",
    "hsa-PBX3_0002"
  ],
  "CUGBP1": [
    "hsa-ARHGEF12_0012",
    "hsa-ATP9B_0005",
    "hsa-SPC24_0001",
    "hsa-CTPS1_0003",
    "hsa-R3HDM1_0053",
    "hsa-PHC3_0005",
    "hsa-PHC3_0006",
    "hsa-NFXL1_0020",
    "hsa-MAPK9_0004",
    "hsa-MAPK9_0017",
    "hsa-WDR41_0011",
    "hsa-MLIP_0001",
    "hsa-BBS9_0023",
    "hsa-TRAPPC9_0001",
    "hsa-TRAPPC9_0016"
  ],
  "KAT2B": [
    "hsa-PDCD4_0007",
    "hsa-TIAL1_0024",
    "hsa-MTG1_0005",
    "hsa-FAM188A_0004",
    "hsa-PARGP1_0007",
    "hsa-ANK3_0081",
    "hsa-ATM_0136",
    "hsa-ATM_0033",
    "hsa-SH2B3_0001",
    "hsa-ATXN2_0059",
    "hsa-CAMKK2_0036",
    "hsa-YAF2_0012",
    "hsa-FGD6_0008",
    "hsa-XPO4_0002",
    "hsa-HNRNPC_0001",
    "hsa-TTC7B_0042",
    "hsa-GALK2_0013",
    "hsa-DMXL2_0006",
    "hsa-RNF111_0001",
    "hsa-CLEC16A_0022",
    "hsa-UQCRC2_0005",
    "hsa-AXIN1_0001",
    "hsa-USP10_0002",
    "hsa-GSE1_0001",
    "hsa-ANKRD11_0004",
    "hsa-STAT5B_0011",
    "hsa-CEP192_0028",
    "hsa-CEP192_0037",
    "hsa-MAP2K2_0004",
    "hsa-HNRNPUL1_0012",
    "hsa-PPP1R12C_0011",
    "hsa-CTD-2207O23_0002",
    "hsa-MAN1A2_0003",
    "hsa-OTUD3_0001",
    "hsa-ARID4B_0031",
    "hsa-HNRNPU_0012",
    "hsa-KHDRBS1_0004",
    "hsa-NDC1_0073",
    "hsa-ITGB3BP_0001",
    "hsa-ZZZ3_0001",
    "hsa-RERE_0023",
    "hsa-HFM1_0015",
    "hsa-ZMYND8_0006",
    "hsa-ZMYND8_0047",
    "hsa-LINC01524_0001",
    "hsa-BAGE2_0001",
    "hsa-BAGE2_0007",
    "hsa-PITPNB_0011",
    "hsa-UXS1_0003",
    "hsa-AC016723_0001",
    "hsa-UBR3_0039",
    "hsa-SLC39A10_0003",
    "hsa-BARD1_0007",
    "hsa-CCDC88A_0059",
    "hsa-GGCX_0005",
    "hsa-ADAM17_0016",
    "hsa-BBX_0002",
    "hsa-TRNT1_0001",
    "hsa-CLASP2_0011",
    "hsa-FAT1_0006",
    "hsa-WHSC1_0004",
    "hsa-AFF1_0001",
    "hsa-KDM3B_0012",
    "hsa-NSD1_0110",
    "hsa-NSUN2_0003",
    "hsa-SCAF8_0021",
    "hsa-TMEM181_0002",
    "hsa-MLLT4_0023",
    "hsa-PUS7_0006",
    "hsa-KMT2C_0005",
    "hsa-LMBR1_0002",
    "hsa-TRA2A_0001",
    "hsa-OSBPL3_0007",
    "hsa-RNF19A_0002",
    "hsa-PABPC1_0003",
    "hsa-TSNARE1_0005",
    "hsa-SGK3_0037",
    "hsa-TMEM245_0013",
    "hsa-CDK5RAP2_0061",
    "hsa-RC3H2_0010",
    "hsa-PRRC2B_0005",
    "hsa-TSTD2_0003",
    "hsa-WDR44_0013",
    "hsa-TENM1_0002",
    "hsa-POLA1_0011",
    "hsa-ATP7A_0005",
    "hsa-EPHB4_0029"
  ],
  "CLIP1": [
    "MT:1690|2761",
    "MT:2067|2224",
    "MT:2137|14003",
    "MT:2225|15646",
    "MT:2671|12744",
    "hsa-NCOR2_0015",
    "hsa-ANKIB1_0018",
    "hsa-VAV2_0047",
    "hsa-SNAPC4_0003"
  ],
  "Huntington": [
    "MT:4020|4167",
    "MT:6404|6545",
    "MT:8468|8624",
    "MT:8625|8775",
    "MT:8625|8778",
    "MT:10878|11044",
    "MT:11882|12042",
    "MT:13306|13452",
    "MT:13436|13570",
    "MT:13436|13583",
    "MT:13846|13989",
    "MT:14004|14149",
    "MT:15403|15576",
    "hsa-MALAT1_0415",
    "hsa-SAMD4A_0001",
    "hsa-TPM1_0006",
    "hsa-PAFAH1B1_0027",
    "hsa-DAPK3_0001",
    "hsa-ATAD3A_0001",
    "hsa-UBAP2L_0019",
    "hsa-TAGLN2_0001",
    "hsa-GREM2_0020",
    "hsa-RIN2_0013",
    "hsa-DLGAP4-AS1_0002"
  ],
  "RBBP5": [
    "hsa-ANKRD12_0037",
    "hsa-CEP192_0029",
    "hsa-CEP192_0052",
    "hsa-PUM3_0005",
    "hsa-PAFAH1B2_0004",
    "hsa-SLC3A2_0001",
    "hsa-CPSF6_0011",
    "hsa-CCT2_0003",
    "hsa-MTRF1_0007",
    "hsa-CHSY1_0001",
    "hsa-TRPM7_0007",
    "hsa-USP3_0002",
    "hsa-USP3_0008",
    "hsa-NUP88_0009",
    "hsa-MED13_0081",
    "hsa-CEP192_0052",
    "hsa-CTD-2278I10_0001",
    "hsa-CSDE1_0032",
    "hsa-CEP350_0030",
    "hsa-GTF2IP20_0001",
    "hsa-EPB41_0078",
    "hsa-ANKRD13C_0010",
    "hsa-KIF16B_0003",
    "hsa-FASTKD1_0020",
    "hsa-XPO1_0001",
    "hsa-WDPCP_0013",
    "hsa-DCUN1D4_0002",
    "hsa-NUP54_0020",
    "hsa-ANKHD1-EIF4EBP3_0012",
    "hsa-MAP3K5_0004",
    "hsa-TMEM181_0003",
    "hsa-TMEM181_0019",
    "hsa-MAP3K4_0001",
    "hsa-CDC5L_0002",
    "hsa-ZKSCAN1_0001",
    "hsa-ZNF783_0001",
    "hsa-MAD1L1_0014",
    "hsa-EIF3E_0002",
    "hsa-VPS13B_0003",
    "hsa-RABGAP1_0016",
    "hsa-PUM3_0005"
  ],
  "SF3A3": [
    "hsa-CACUL1_0002",
    "hsa-STAT2_0001",
    "hsa-SCARNA12_0001",
    "hsa-SCARNA7_0001",
    "hsa-CDR2_0001"
  ],
  "SRSF9": [
    "hsa-BRIP1_0034",
    "hsa-TBCD_0125",
    "hsa-SNRNP70_0001",
    "hsa-MLLT1_0001",
    "hsa-MAN1A2_0003",
    "hsa-PRRC2C_0059",
    "hsa-ANKS1A_0002",
    "hsa-TLE1_0002"
  ],
  "TBRG4": [
    "hsa-DNAJC1_0004",
    "hsa-SGMS1_0009",
    "hsa-HNRNPH3_0004",
    "hsa-NPAT_0014",
    "hsa-ZBTB44_0001",
    "hsa-RP11-574M7_0001",
    "hsa-EMSY_0003",
    "hsa-CLNS1A_0006",
    "hsa-CHD2_0062",
    "hsa-NFATC3_0009",
    "hsa-SUZ12_0001",
    "hsa-HELZ_0026",
    "hsa-URI1_0007",
    "hsa-RPS5_0001",
    "hsa-TARS2_0008",
    "hsa-SUCO_0002",
    "hsa-SUCO_0023",
    "hsa-RC3H1_0001",
    "hsa-COG2_0004",
    "hsa-SMYD3_0007",
    "hsa-EPB41_0035",
    "hsa-ZMYM4_0005",
    "hsa-TASP1_0045",
    "hsa-SCARNA7_0001",
    "hsa-SEC62_0002",
    "hsa-CLASP2_0011",
    "hsa-ANKHD1-EIF4EBP3_0029",
    "hsa-ANKHD1_0027",
    "hsa-CHCHD3_0001",
    "hsa-MPP6_0020",
    "hsa-ZFX_0001"
  ],
  "ZNF322": [
    "hsa-INTS2_0040",
    "hsa-GUSBP11_0002",
    "hsa-CDKAL1_0004",
    "hsa-ABCC10_0002"
  ],
  "ORF1P": [
    "hsa-ARHGAP5_0003",
    "hsa-TJP1_0002",
    "hsa-SPECC1_0001",
    "hsa-ANKRD17_0003",
    "hsa-RARS_0013",
    "hsa-FIRRE_0001"
  ],
  "ZNF320": [
    "hsa-NSD1_0066"
  ],
  "PSF": [
    "hsa-ANKRD17_0050",
    "hsa-ANKRD17_0022",
    "hsa-ANKRD17_0002",
    "hsa-ANKRD17_0019",
    "hsa-WRNIP1_0001"
  ],
  "ZNF23": [
    "hsa-PVRIG2P_0002",
    "hsa-PHRF1_0047"
  ],
  "IRP2": [
    "hsa-ANKRD12_0037",
    "hsa-FAT1_0005",
    "hsa-CDYL_0005"
  ],
  "TIRR": [
    "hsa-NUMB_0077"
  ],
  "XPO5": [
    "hsa-TET1_0005",
    "hsa-NT5DC3_0005",
    "hsa-PAN3_0005",
    "hsa-ARHGAP5_0004",
    "hsa-ZFYVE26_0003",
    "hsa-NFATC3_0011",
    "hsa-GSE1_0001",
    "hsa-ACSF3_0005",
    "hsa-SMG6_0015",
    "hsa-ABCD3_0009",
    "hsa-ABCD3_0005",
    "hsa-CHAF1B_0003",
    "hsa-PKP4_0014",
    "hsa-COBLL1_0025",
    "hsa-SENP2_0026",
    "hsa-NEK4_0001",
    "hsa-ANKRD17_0015",
    "hsa-ANKRD17_0003",
    "hsa-CEP72_0001",
    "hsa-FAM135A_0036",
    "hsa-POMT1_0006",
    "hsa-DENND4C_0016",
    "hsa-ERCC6L2_0003"
  ],
  "DAZL": [
    "hsa-SLF2_0013",
    "hsa-SLF2_0001",
    "hsa-MGEA5_0028",
    "hsa-SHOC2_0013",
    "hsa-RAB11FIP2_0005",
    "hsa-DOCK1_0066",
    "hsa-GLRX3_0011",
    "hsa-ANKRD26_0011",
    "hsa-AL356053_0028",
    "hsa-SFMBT2_0015",
    "hsa-RP11-162K11_0001",
    "hsa-NOC3L_0034",
    "hsa-ARHGEF12_0041",
    "hsa-CDON_0005",
    "hsa-QSER1_0021",
    "hsa-HIPK3_0001",
    "hsa-PDHX_0017",
    "hsa-CKAP5_0110",
    "hsa-EMSY_0024",
    "hsa-KNTC1_0008",
    "hsa-SBNO1_0181",
    "hsa-ADIPOR2_0006",
    "hsa-DENND5B_0007",
    "hsa-FGD4_0001",
    "hsa-MON2_0010",
    "hsa-CPSF6_0055",
    "hsa-METTL25_0002",
    "hsa-RP11-408B11_0001",
    "hsa-intergenic_003010",
    "hsa-FGD6_0008",
    "hsa-TMCO3_0002",
    "hsa-MIPEP_0011",
    "hsa-PAN3_0004",
    "hsa-KATNAL1_0005",
    "hsa-DACH1_0007",
    "hsa-DNAJC3_0001",
    "hsa-SNHG23_0008",
    "hsa-SNHG23_0011",
    "hsa-SNHG23_0048",
    "hsa-ARHGAP5_0003",
    "hsa-MAP4K5_0024",
    "hsa-PPM1A_0003",
    "hsa-SETD3_0001",
    "hsa-UBE3A_0005",
    "hsa-MGA_0049",
    "hsa-MGA_0008",
    "hsa-MAPK6_0001",
    "hsa-UBE2Q2_0003",
    "hsa-CHD9_0108",
    "hsa-CHD9_0051",
    "hsa-TERB1_0006",
    "hsa-TERB1_0005",
    "hsa-UTP4_0006",
    "hsa-GAN_0007",
    "hsa-SPECC1_0001",
    "hsa-BRIP1_0002",
    "hsa-BPTF_0045",
    "hsa-GREB1L_0007",
    "hsa-ZNF532_0006",
    "hsa-ZNF407_0001",
    "hsa-ANKRD12_0037",
    "hsa-ZNF418_0001",
    "hsa-GABPB2_0003",
    "hsa-POGZ_0007",
    "hsa-KIFAP3_0001",
    "hsa-DENND1B_0005",
    "hsa-LIN9_0010",
    "hsa-FMN2_0011",
    "hsa-AKT3_0020",
    "hsa-AKT3_0013",
    "hsa-PHACTR4_0139",
    "hsa-KIAA0319L_0008",
    "hsa-GNL2_0005",
    "hsa-NDC1_0011",
    "hsa-PTBP2_0002",
    "hsa-SERINC3_0009",
    "hsa-CSE1L_0077",
    "hsa-BACH1_0001",
    "hsa-MAPK1_0003",
    "hsa-MAPK1_0031",
    "hsa-EPB41L5_0021",
    "hsa-TTN-AS1_0001",
    "hsa-CLK1_0003",
    "hsa-ALS2_0048",
    "hsa-SPHKAP_0002",
    "hsa-TRIP12_0002",
    "hsa-PRKD3_0012",
    "hsa-SLC8A1_0019",
    "hsa-XPO1_0020",
    "hsa-AFTPH_0002",
    "hsa-APLF_0004",
    "hsa-SEC22A_0001",
    "hsa-CCDC14_0006",
    "hsa-STAG1_0143",
    "hsa-TRPC1_0002",
    "hsa-ANKRD28_0017",
    "hsa-DAZL_0001",
    "hsa-PHC3_0010",
    "hsa-PHC3_0020"
  ],
  "Psi": [
    "chrMT:2067|2224",
    "hsa-FBXW4_0001",
    "hsa-PDCD11_0002",
    "hsa-SMC3_0001",
    "hsa-TRUB1_0004",
    "hsa-UPF2_0003",
    "hsa-DHTKD1_0019",
    "hsa-NSMCE4A_0008",
    "hsa-CDC123_0008",
    "hsa-ZRANB1_0002",
    "hsa-CTBP2_0002",
    "hsa-DOCK1_0009",
    "hsa-DOCK1_0022",
    "hsa-MTG1_0005",
    "hsa-HACD1_0003",
    "hsa-PARGP1_0005",
    "hsa-DIP2C_0001",
    "hsa-GDI2_0004",
    "hsa-GDI2_0013",
    "hsa-HERC4_0028",
    "hsa-TET1_0003",
    "hsa-SFMBT2_0003",
    "hsa-SFMBT2_0014",
    "hsa-SFMBT2_0032",
    "hsa-ATP5C1_0007",
    "hsa-CCSER2_0003",
    "hsa-CCSER2_0001",
    "hsa-HELLS_0011",
    "hsa-CWF19L2_0012",
    "hsa-CWF19L2_0004",
    "hsa-USP28_0006",
    "hsa-PAFAH1B2_0001",
    "hsa-PAFAH1B2_0004",
    "hsa-IFT46_0005",
    "hsa-IFT46_0001",
    "hsa-ARHGEF12_0003",
    "hsa-TBCEL_0011",
    "hsa-intergenic_000162",
    "hsa-ZBTB44_0001",
    "hsa-SOX6_0014",
    "hsa-SERGEF_0004",
    "hsa-DCDC1_0004",
    "hsa-HIPK3_0001",
    "hsa-PDHX_0017",
    "hsa-PHF21A_0002",
    "hsa-PHRF1_0002",
    "hsa-PATL1_0001",
    "hsa-HNRNPUL2-BSCL2_0003",
    "hsa-WDR74_0002",
    "hsa-MALAT1_0011",
    "hsa-MALAT1_0028",
    "hsa-MALAT1_0415",
    "hsa-ZNF215_0001",
    "hsa-FCHSD2_0001",
    "hsa-RAB6A_0007",
    "hsa-EMSY_0003",
    "hsa-AMOTL1_0001",
    "hsa-AP2A2_0003",
    "hsa-ERC1_0019",
    "hsa-NAA25_0047",
    "hsa-MED13L_0024",
    "hsa-GCN1_0003",
    "hsa-UNC119B_0011",
    "hsa-MPHOSPH9_0031",
    "hsa-TMED2_0001",
    "hsa-NCOR2_0027",
    "hsa-NCOR2_0007",
    "hsa-ERC1_0016",
    "hsa-ERC1_0033",
    "hsa-POLE_0007",
    "hsa-AEBP2_0001",
    "hsa-ETNK1_0001",
    "hsa-CCDC91_0052",
    "hsa-MUC19_0003",
    "hsa-YAF2_0012",
    "hsa-SLC38A1_0009",
    "hsa-SPATS2_0005",
    "hsa-XPOT_0018",
    "hsa-GRIP1_0001",
    "hsa-CPSF6_0011",
    "hsa-NAP1L1_0004",
    "hsa-PAWR_0001",
    "hsa-TMPO_0002",
    "hsa-PCCA_0001",
    "hsa-TUBGCP3_0001",
    "hsa-SKA3_0001",
    "hsa-PAN3_0002",
    "hsa-KATNAL1_0005",
    "hsa-N4BP2L2_0001",
    "hsa-VWA8_0012",
    "hsa-LRCH1_0001",
    "hsa-FNDC3A_0021",
    "hsa-TBC1D4_0009",
    "hsa-RP11-29G8_0001",
    "hsa-MYCBP2_0001",
    "hsa-SLAIN1_0003",
    "hsa-UBAC2_0001",
    "hsa-METTL3_0002",
    "hsa-RBM23_0002"
  ],
  "SRSF1": [
    "hsa-ATP5C1_0007",
    "hsa-ANXA7_0012",
    "hsa-SLC39A8_0001",
    "hsa-NFKB1_0013",
    "hsa-NFKB1_0012",
    "hsa-AC004053_0001",
    "hsa-TET2_0005",
    "hsa-PAPSS1_0002",
    "hsa-LARP7_0010",
    "hsa-ANK2_0009",
    "hsa-EXOSC9_0002",
    "hsa-EXOSC9_0009",
    "hsa-LARP1B_0029",
    "hsa-JADE1_0003",
    "hsa-SCLT1_0002",
    "hsa-SCLT1_0022",
    "hsa-ELF2_0003",
    "hsa-SMARCA5_0005",
    "hsa-ZNF827_0006",
    "hsa-ZNF827_0002",
    "hsa-ZNF827_0007",
    "hsa-ZNF827_0004",
    "hsa-ZNF827_0001",
    "hsa-ZNF827_0017",
    "hsa-ARHGAP10_0061",
    "hsa-ARHGAP10_0001",
    "hsa-ARHGAP10_0005",
    "hsa-LRBA_0002",
    "hsa-FBXW7_0022",
    "hsa-FBXW7_0007",
    "hsa-FBXW7_0005",
    "hsa-FBXW7_0006",
    "hsa-MND1_0007",
    "hsa-FNIP2_0003",
    "hsa-RAPGEF2_0004",
    "hsa-RAPGEF2_0014",
    "hsa-GALNT7_0001",
    "hsa-SNX25_0019",
    "hsa-SNX25_0007",
    "hsa-SNX25_0008",
    "hsa-RFC1_0002",
    "hsa-PDS5A_0025",
    "hsa-PDS5A_0092",
    "hsa-RBM47_0004",
    "hsa-RBM47_0009",
    "hsa-APBB2_0001",
    "hsa-ATP8A1_0025",
    "hsa-DCUN1D4_0001",
    "hsa-DCUN1D4_0002",
    "hsa-USP46_0001",
    "hsa-SCFD2_0002",
    "hsa-FIP1L1_0006",
    "hsa-TMEM165_0001",
    "hsa-SRP72_0005",
    "hsa-GRSF1_0002",
    "hsa-ANKRD17_0008",
    "hsa-ANKRD17_0004",
    "hsa-ANKRD17_0006",
    "hsa-MTHFD2L_0007",
    "hsa-MTHFD2L_0006",
    "hsa-G3BP2_0007",
    "hsa-NUP54_0005",
    "hsa-SEPT11_0002",
    "hsa-ENOPH1_0006",
    "hsa-SEC31A_0006",
    "hsa-SEC31A_0018",
    "hsa-SEC31A_0001",
    "hsa-PTPN13_0002",
    "hsa-AFF1_0001",
    "hsa-AFF1_0019",
    "hsa-AFF1_0003",
    "hsa-PKD2_0002",
    "hsa-HERC6_0020",
    "hsa-PDLIM5_0003",
    "hsa-SLC12A7_0002",
    "hsa-MAN2A1_0001",
    "hsa-CAMK4_0002",
    "hsa-KCNN2_0001",
    "hsa-CSNK1G3_0001",
    "hsa-ZNF608_0001",
    "hsa-PHAX_0001",
    "hsa-LMNB1_0001",
    "hsa-AFF4_0002",
    "hsa-HSPA4_0003",
    "hsa-HSPA4_0024",
    "hsa-SEC24A_0036",
    "hsa-CAMLG_0002",
    "hsa-SMAD5_0004",
    "hsa-KLHL3_0019",
    "hsa-FAM13B_0011",
    "hsa-FAM13B_0008",
    "hsa-FAM13B_0019",
    "hsa-CDC23_0002",
    "hsa-HSPA9_0006",
    "hsa-CTNNA1_0001",
    "hsa-SNHG4_0001",
    "hsa-PAIP2_0001",
    "hsa-NRG2_0003",
    "hsa-NRG2_0005",
    "hsa-NRG2_0001",
    "hsa-ANKHD1-EIF4EBP3_0005"
  ],
  "Fibrillarin": [
    "hsa-YTHDF2_0001",
    "hsa-ZDBF2_0001",
    "hsa-SRBD1_0003",
    "hsa-TNFRSF21_0001",
    "hsa-CDR1_0001"
  ],
  "NF90": [
    "hsa-MCU_0040",
    "hsa-NUP98_0105",
    "hsa-PC_0028",
    "hsa-RPS3_0001",
    "hsa-SLC38A1_0013",
    "hsa-KANSL2_0031",
    "hsa-ZFC3H1_0087",
    "hsa-GPC5_0049",
    "hsa-MARK3_0067",
    "hsa-CCNB1IP1_0003",
    "hsa-ANKRD11_0036",
    "hsa-ANKRD11_0104",
    "hsa-KANSL1_0146",
    "hsa-ROCK1_0080",
    "hsa-ARHGAP35_0011",
    "hsa-PIP5K1A_0036",
    "hsa-EIF4G3_0301",
    "hsa-TGFBR3_0051",
    "hsa-TPX2_0027",
    "hsa-SOGA1_0016",
    "hsa-CTSZ_0001",
    "hsa-ROCK2_0090",
    "hsa-UBE2F-SCLY_0005",
    "hsa-RAB10_0010",
    "hsa-VHL_0001",
    "hsa-SETD2_0196",
    "hsa-RBM47_0011",
    "hsa-NPM1_0003",
    "hsa-NHSL1_0049",
    "hsa-RPL7L1_0004",
    "hsa-intergenic_024134",
    "hsa-XRCC2_0006",
    "hsa-EIF3H_0062",
    "hsa-EXOSC2_0001",
    "hsa-ZCCHC7_0147",
    "hsa-CENPP_0015",
    "hsa-RP11-120D5_0008",
    "hsa-OTUD5_0005"
  ],
  "SUB1": [
    "hsa-IKZF5_0001",
    "hsa-PHRF1_0001",
    "hsa-CEP57_0017",
    "hsa-CCDC91_0065",
    "hsa-ATP5B_0007",
    "hsa-ARHGAP17_0007",
    "hsa-WSB1_0004",
    "hsa-KPNB1_0021",
    "hsa-RPTOR_0023",
    "hsa-TBCD_0043",
    "hsa-ESCO1_0013",
    "hsa-CTD-2207O23_0002",
    "hsa-SORT1_0089",
    "hsa-GNB1_0033",
    "hsa-CAP1_0001",
    "hsa-RERE_0024",
    "hsa-SNX5_0006",
    "hsa-CRKL_0001",
    "hsa-TCF20_0001",
    "hsa-BMPR2_0001",
    "hsa-RP11-158I13_0014",
    "hsa-PRKCI_0030",
    "hsa-RICTOR_0007",
    "hsa-BDP1_0032",
    "hsa-ARID1B_0010",
    "hsa-IBTK_0010",
    "hsa-ISPD_0004",
    "hsa-CSMD1_0204",
    "hsa-PCMTD1_0002",
    "hsa-STK3_0006",
    "hsa-KDM4C_0011",
    "hsa-GAB3_0003"
  ],
  "SUPV3L1": [
    "hsa-SIRT1_0008",
    "hsa-HERC4_0075",
    "hsa-UTP20_0039",
    "hsa-N4BP2L2_0001",
    "hsa-HAUS4_0015",
    "hsa-ARHGAP5_0004",
    "hsa-AFG3L2_0025",
    "hsa-NEDD4L_0007",
    "hsa-TOP1_0001",
    "hsa-SPAG16_0017",
    "hsa-PRKCI_0025",
    "hsa-SLC4A7_0001",
    "hsa-FLNB_0018",
    "hsa-TNPO3_0002",
    "hsa-CREB3L2_0006",
    "hsa-PFKFB1_0001"
  ],
  "TROVE2": [
    "hsa-SLF2_0013",
    "hsa-TIAL1_0024",
    "hsa-DHTKD1_0049",
    "hsa-AKR1E2_0001",
    "hsa-APLP2_0009",
    "hsa-PACS1_0041",
    "hsa-UNG_0002",
    "hsa-ATXN2_0007",
    "hsa-LARP4_0024",
    "hsa-CCT2_0004",
    "hsa-SACS_0004",
    "hsa-UGGT2_0034",
    "hsa-BAZ1A_0002",
    "hsa-MGA_0049",
    "hsa-ADAM10_0014",
    "hsa-MYO9A_0001",
    "hsa-AARS_0006",
    "hsa-GSE1_0001",
    "hsa-SUZ12_0013",
    "hsa-TBCD_0018",
    "hsa-SUGP1_0001",
    "hsa-DHX34_0001",
    "hsa-PRDM2_0015",
    "hsa-ZMYND8_0043",
    "hsa-MCM3AP_0002",
    "hsa-PCNT_0010",
    "hsa-SEPT2_0001",
    "hsa-LRPPRC_0036",
    "hsa-SLC6A6_0002",
    "hsa-NQO2_0021",
    "hsa-WDR60_0007",
    "hsa-GTF3C5_0001",
    "hsa-ROR2_0002"
  ],
  "ILF2": [
    "hsa-ANKRD12_0037",
    "hsa-FIRRE_0001",
    "hsa-ZMYND8_0004",
    "hsa-KDM1A_0031",
    "hsa-DEK_0003",
    "MT:1707|2224",
    "MT:1715|2035",
    "MT:2241|2793",
    "MT:2390|14376",
    "MT:13978|14276",
    "MT:14135|14376",
    "hsa-SLF2_0001",
    "hsa-SMC3_0001",
    "hsa-ZRANB1_0001",
    "hsa-ARHGAP12_0031",
    "hsa-ANKRD30A_0050",
    "hsa-ANKRD30A_0013",
    "hsa-CSGALNACT2_0003",
    "hsa-PARGP1_0006",
    "hsa-TET1_0005",
    "hsa-CCSER2_0003",
    "hsa-ATM_0003",
    "hsa-ATM_0029",
    "hsa-ATM_0148",
    "hsa-ARHGEF12_0021",
    "hsa-COPB1_0031",
    "hsa-NAP1L4_0006",
    "hsa-HIPK3_0001",
    "hsa-NEAT1_0001",
    "hsa-NEAT1_0006",
    "hsa-PCF11_0007",
    "hsa-PICALM_0017",
    "hsa-CEP295_0009",
    "hsa-IPO7_0023",
    "hsa-CCDC91_0046",
    "hsa-ERGIC2_0014",
    "hsa-SENP1_0008",
    "hsa-LARP4_0003",
    "hsa-XPOT_0011",
    "hsa-XPOT_0029",
    "hsa-CPSF6_0011",
    "hsa-METTL25_0021",
    "hsa-METTL25_0022",
    "hsa-TMTC3_0001",
    "hsa-FGD6_0008",
    "hsa-NEDD1_0002",
    "hsa-ZMYM2_0022",
    "hsa-SKA3_0002",
    "hsa-SKA3_0001",
    "hsa-CENPJ_0003",
    "hsa-BRCA2_0031",
    "hsa-VWA8_0041",
    "hsa-ARHGAP5_0003",
    "hsa-ARHGAP5_0004",
    "hsa-FANCM_0010",
    "hsa-TXNDC16_0022",
    "hsa-STYX_0010",
    "hsa-PCNX4_0001",
    "hsa-PCNX4_0007",
    "hsa-MLH3_0001",
    "hsa-BTBD7_0001",
    "hsa-UBE3A_0016",
    "hsa-NUSAP1_0005",
    "hsa-MGA_0018",
    "hsa-UNC13C_0040",
    "hsa-DENND4A_0029",
    "hsa-DENND4A_0007",
    "hsa-GLCE_0002",
    "hsa-ATF7IP2_0005",
    "hsa-PALB2_0018",
    "hsa-PALB2_0001",
    "hsa-N4BP1_0007",
    "hsa-N4BP1_0002",
    "hsa-NFATC3_0001",
    "hsa-SPECC1_0001",
    "hsa-NUFIP2_0001",
    "hsa-BPTF_0045",
    "hsa-CEP192_0029",
    "hsa-CEP192_0028",
    "hsa-CEP192_0030",
    "hsa-CEP192_0037",
    "hsa-CEP192_0031",
    "hsa-CEP192_0038",
    "hsa-RBBP8_0021",
    "hsa-SMCHD1_0067",
    "hsa-ME2_0016",
    "hsa-ZNF407_0002",
    "hsa-ANKRD12_0037",
    "hsa-ANKRD12_0011",
    "hsa-ANKRD12_0060",
    "hsa-ANKRD12_0038",
    "hsa-ANKRD12_0010",
    "hsa-RPL7AP10_0001",
    "hsa-ZNF91_0001",
    "hsa-RP11-255H23_0002",
    "hsa-RP11-255H23_0001",
    "hsa-intergenic_002822",
    "hsa-ZNF562_0001",
    "hsa-GPSM2_0011",
    "hsa-LRIG2_0002",
    "hsa-PRDM2_0015",
    "hsa-KAZN_0010",
    "hsa-PRRC2C_0026",
    "hsa-RABGAP1L_0066"
  ],
  "LA": [
    "hsa-SLF2_0001",
    "hsa-SMC3_0001",
    "hsa-ZRANB1_0001",
    "hsa-ARHGAP12_0031",
    "hsa-ANKRD30A_0050",
    "hsa-ANKRD30A_0013",
    "hsa-CSGALNACT2_0003",
    "hsa-PARGP1_0006",
    "hsa-TET1_0005",
    "hsa-CCSER2_0003",
    "hsa-GPSM2_0011",
    "hsa-LRIG2_0002",
    "hsa-PRDM2_0015",
    "hsa-KAZN_0010",
    "hsa-PRRC2C_0026",
    "hsa-RABGAP1L_0066",
    "hsa-CEP350_0012",
    "hsa-ELK4_0002",
    "hsa-RAB4A_0002",
    "hsa-ZMYM6_0020",
    "hsa-ANKRD13C_0027",
    "hsa-COL24A1_0007",
    "hsa-COL24A1_0005",
    "hsa-PKN2_0002",
    "hsa-ZNF644_0008",
    "hsa-ZNF644_0002",
    "hsa-ZNF644_0001",
    "hsa-PTBP2_0001"
  ],
  "KLF13": [
    "hsa-STK3_0047",
    "hsa-INPP4A_0031"
  ],
  "ZNF510": [
    "hsa-GRSF1_0015",
    "hsa-MCM4_0002"
  ],
  "NXF1": [
    "hsa-ASH1L_0028"
  ],
  "CBLL1": [
    "hsa-AC145212_0004",
    "hsa-intergenic_006693",
    "hsa-AL592183_0005",
    "hsa-intergenic_033563",
    "hsa-pRNA_0001",
    "hsa-pRNA_0002",
    "hsa-intergenic_037210",
    "hsa-intergenic_037210",
    "hsa-intergenic_037210"
  ],
  "WT1": [
    "hsa-CSGALNACT2_0016",
    "hsa-RMRP_0005"
  ],
  "WTAP": [
    "hsa-intergenic_004026",
    "hsa-FKBP8_0005",
    "hsa-SPC24_0001"
  ],
  "ZNF41": [
    "chrMT:1997|2283",
    "hsa-TMEM181_0003",
    "hsa-ZNF236_0047",
    "hsa-HIPK3_0001"
  ],
  "IFIT2": [
    "hsa-IFT81_0038",
    "hsa-NELL2_0021",
    "hsa-KTN1_0011",
    "hsa-TNPO2_0001",
    "hsa-ZNF536_0002",
    "hsa-SAMD4B_0004",
    "hsa-POLD1_0002",
    "hsa-KDM1A_0013",
    "hsa-METTL6_0005",
    "hsa-GUCY1A3_0006",
    "hsa-FBXL5_0015",
    "hsa-ANKHD1-EIF4EBP3_0012",
    "hsa-FCHO2_0006",
    "hsa-TRAF2_0018",
    "hsa-CDR1_0001"
  ],
  "MAZ": [
    "hsa-DNMT1_0041",
    "hsa-PVRIG2P_0002",
    "hsa-DNMT1_0041"
  ],
  "ZNF32": [
    "MT:2001|2283",
    "hsa-MDM4_0017"
  ],
  "ZNF384": [
    "hsa-MTG1_0005",
    "hsa-SFMBT2_0001",
    "hsa-PTEN_0005",
    "hsa-HIPK3_0001",
    "hsa-EEF1AKMT1_0001",
    "hsa-VRK1_0002",
    "hsa-EDC3_0003",
    "hsa-PTPN9_0004",
    "hsa-SPECC1_0001",
    "hsa-BPTF_0045",
    "hsa-FOXK2_0001",
    "hsa-TAF4B_0030",
    "hsa-DNAH14_0002",
    "hsa-RERE_0007",
    "hsa-XPO1_0001",
    "hsa-EEFSEC_0001",
    "hsa-PHC3_0006",
    "hsa-UBXN7_0006",
    "hsa-FAT1_0005",
    "hsa-CSNK1G3_0001",
    "hsa-RANBP17_0001",
    "hsa-UIMC1_0001",
    "hsa-FAM193B_0003",
    "hsa-CEP72_0001",
    "hsa-FCHO2_0038",
    "hsa-CD2AP_0031",
    "hsa-DST_0007",
    "hsa-LCA5_0004",
    "hsa-ZNF292_0001",
    "hsa-PVRIG2P_0002",
    "hsa-RAPGEF5_0001",
    "hsa-TUSC3_0001",
    "hsa-IARS_0007"
  ],
  "ZNF341": [
    "hsa-intergenic_000365"
  ],
  "SSB": [
    "hsa-RMRP_0001"
  ],
  "UTP18": [
    "hsa-SNHG4_0001"
  ],
  "UTP13": [
    "hsa-PHKB_0001"
  ],
  "HNRNPA1": [
    "hsa-XPO1_0001"
  ],
  "HNRNPC": [
    "hsa-PICALM_0001"
  ],
  "HNRNPUL1": [
    "hsa-SNHG12_0001"
  ],
  "ZNF449": [
    "hsa-ASXL1_0001"
  ],
  "ZNF467": [
    "hsa-KLHDC1_0040",
    "hsa-ACACA_0076",
    "hsa-RP11-552F3_0003",
    "hsa-MOB3A_0004",
    "hsa-GPCPD1_0039",
    "hsa-intergenic_000365",
    "hsa-PBRM1_0182",
    "hsa-ABCC10_0002",
    "hsa-RINT1_0036"
  ],
  "ZCAN22": [
    "hsa-TMEM245_0014"
  ],
  "CHTOP": [
    "hsa-CTIF_0011",
    "hsa-RPL7AP10_0002",
    "hsa-ZNF224_0002",
    "hsa-ZNF225_0001",
    "hsa-ATAD3A_0001",
    "hsa-GON4L_0098",
    "hsa-CROCCP2_0001",
    "hsa-ANKRD36C_0004",
    "hsa-ANKRD36_0002",
    "hsa-TFDP2_0010",
    "hsa-BTN2A1_0002",
    "hsa-BTN2A1_0001",
    "hsa-PVRIG2P_0002",
    "hsa-XIST_0031"
  ],
  "CMTR1": [
    "hsa-AKAP10_0018",
    "hsa-SPAG9_0125"
  ],
  "LYAR": [
    "MT:1997|2283"
  ],
  "RPRD2": [
    "hsa-GDI2_0003",
    "hsa-JMJD1C_0090",
    "hsa-ST5_0052",
    "hsa-intergenic_024184",
    "hsa-NFIC_0005",
    "hsa-XPNPEP3_0004",
    "hsa-SENP5_0016",
    "hsa-G3BP2_0015",
    "hsa-TMEM181_0003",
    "hsa-PHF14_0042",
    "hsa-AUTS2_0005"
  ],
  "p65": [
    "hsa-RP11-206L10_0001",
    "hsa-SDF4_0001",
    "hsa-SDF4_0002",
    "hsa-UBE2J2_0001",
    "hsa-UBE2J2_0006",
    "hsa-CCNL2_0001",
    "hsa-SSU72_0003",
    "hsa-GNB1_0167",
    "hsa-GNB1_0018",
    "hsa-GNB1_0007",
    "hsa-GNB1_0017",
    "hsa-PRKCZ_0007",
    "hsa-PRKCZ_0003",
    "hsa-NPHP4_0001",
    "hsa-KLHL21_0001",
    "hsa-VAMP3_0001",
    "hsa-RERE_0006",
    "hsa-RERE_0017",
    "hsa-RERE_0012",
    "hsa-RERE_0009",
    "hsa-RERE_0023",
    "hsa-ENO1_0002",
    "hsa-CTNNBIP1_0001",
    "hsa-LZIC_0003",
    "hsa-LZIC_0006",
    "hsa-NMNAT1_0001",
    "hsa-UBE4B_0044",
    "hsa-DFFA_0001",
    "hsa-MFN2_0003",
    "hsa-MFN2_0006",
    "hsa-DHRS3_0003",
    "hsa-DNAJC16_0001",
    "hsa-DNAJC16_0002",
    "hsa-PLEKHM2_0001",
    "hsa-SPEN_0005",
    "hsa-EPHA2_0002",
    "hsa-EPHA2_0003",
    "hsa-UBR4_0012",
    "hsa-HP1BP3_0071",
    "hsa-HP1BP3_0017",
    "hsa-HP1BP3_0002",
    "hsa-HP1BP3_0004",
    "hsa-HP1BP3_0008",
    "hsa-HP1BP3_0018",
    "hsa-HP1BP3_0016",
    "hsa-HP1BP3_0019",
    "hsa-EIF4G3_0085",
    "hsa-EIF4G3_0002",
    "hsa-EIF4G3_0080",
    "hsa-USP48_0025",
    "hsa-USP48_0072",
    "hsa-USP48_0002",
    "hsa-CDC42_0001",
    "hsa-ZBTB40_0002",
    "hsa-EPHB2_0002",
    "hsa-KDM1A_0031",
    "hsa-KDM1A_0013",
    "hsa-KDM1A_0001",
    "hsa-HMGCL_0002",
    "hsa-TMEM57_0001",
    "hsa-CEP85_0006",
    "hsa-CEP85_0003",
    "hsa-NUDC_0004",
    "hsa-EYA3_0027",
    "hsa-SNHG12_0001",
    "hsa-TAF12_0003",
    "hsa-YTHDF2_0001",
    "hsa-EPB41_0022",
    "hsa-SRSF4_0009",
    "hsa-PTPRU_0007",
    "hsa-PUM1_0014",
    "hsa-PUM1_0022",
    "hsa-PUM1_0023",
    "hsa-PTP4A2_0001",
    "hsa-KHDRBS1_0002",
    "hsa-KHDRBS1_0007",
    "hsa-KHDRBS1_0008",
    "hsa-S100PBP_0001",
    "hsa-S100PBP_0002",
    "hsa-RNF19B_0005",
    "hsa-RNF19B_0001",
    "hsa-ZMYM1_0003",
    "hsa-ZMYM4_0001",
    "hsa-ZMYM4_0002",
    "hsa-ZMYM4_0020",
    "hsa-AGO3_0002",
    "hsa-AGO3_0006",
    "hsa-STK40_0007",
    "hsa-INPP5B_0001",
    "hsa-INPP5B_0007",
    "hsa-AKIRIN1_0001",
    "hsa-AKIRIN1_0002",
    "hsa-RLF_0004",
    "hsa-RLF_0002",
    "hsa-RLF_0010",
    "hsa-ZMPSTE24_0001",
    "hsa-SCMH1_0001",
    "hsa-SCMH1_0020",
    "hsa-SCMH1_0007"
  ],
  "HIWI": [
    "hsa-SDF4_0001",
    "hsa-RP1-283E3_0005",
    "hsa-GNB1_0019",
    "hsa-GNB1_0017",
    "hsa-PRDM16_0001",
    "hsa-NPHP4_0009",
    "hsa-RERE_0007",
    "hsa-RERE_0023",
    "hsa-NMNAT1_0001",
    "hsa-APITD1-CORT_0001",
    "hsa-EXOSC10_0001",
    "hsa-MFN2_0003",
    "hsa-PRDM2_0003",
    "hsa-PRDM2_0012",
    "hsa-PRDM2_0014",
    "hsa-PRDM2_0015",
    "hsa-FHAD1_0031",
    "hsa-DDI2_0016",
    "hsa-DDI2_0004",
    "hsa-PLEKHM2_0001",
    "hsa-RCC2_0001",
    "hsa-ARHGEF10L_0001",
    "hsa-HP1BP3_0017",
    "hsa-HP1BP3_0008",
    "hsa-EIF4G3_0082",
    "hsa-ECE1_0001",
    "hsa-USP48_0034",
    "hsa-USP48_0001",
    "hsa-KDM1A_0031",
    "hsa-KDM1A_0032",
    "hsa-ID3_0002",
    "hsa-TCEB3_0001",
    "hsa-CEP85_0008",
    "hsa-CEP85_0004",
    "hsa-CEP85_0006",
    "hsa-CEP85_0003",
    "hsa-ARID1A_0001",
    "hsa-STX12_0001",
    "hsa-EYA3_0001",
    "hsa-EYA3_0027",
    "hsa-PHACTR4_0002",
    "hsa-SRSF4_0002",
    "hsa-PUM1_0022",
    "hsa-PUM1_0023",
    "hsa-PUM1_0073",
    "hsa-PTP4A2_0001",
    "hsa-KHDRBS1_0002",
    "hsa-KHDRBS1_0005",
    "hsa-KHDRBS1_0007",
    "hsa-KHDRBS1_0008",
    "hsa-TXLNA_0004",
    "hsa-HDAC1_0001",
    "hsa-S100PBP_0024",
    "hsa-S100PBP_0012",
    "hsa-S100PBP_0002",
    "hsa-S100PBP_0015",
    "hsa-RNF19B_0001",
    "hsa-ZMYM1_0003",
    "hsa-ZMYM4_0001",
    "hsa-ZMYM4_0002",
    "hsa-CLSPN_0003",
    "hsa-STK40_0006",
    "hsa-NFYC_0001",
    "hsa-SCMH1_0001",
    "hsa-SCMH1_0007",
    "hsa-FOXJ3_0004",
    "hsa-FOXJ3_0001",
    "hsa-KIF2C_0001",
    "hsa-CMPK1_0001",
    "hsa-SPATA6_0006",
    "hsa-SPATA6_0016",
    "hsa-NRDC_0004",
    "hsa-NRDC_0052",
    "hsa-ORC1_0001",
    "hsa-PRPF38A_0003",
    "hsa-NDC1_0013",
    "hsa-USP1_0004",
    "hsa-ITGB3BP_0001",
    "hsa-RAVER2_0004",
    "hsa-PDE4B_0003",
    "hsa-MIER1_0003",
    "hsa-MIER1_0001",
    "hsa-SRSF11_0084",
    "hsa-ANKRD13C_0027",
    "hsa-ZZZ3_0001",
    "hsa-FAM73A_0002",
    "hsa-SH3GLB1_0006",
    "hsa-PKN2_0003",
    "hsa-ZNF644_0004",
    "hsa-ZNF644_0001",
    "hsa-RPAP2_0007",
    "hsa-EVI5_0011",
    "hsa-EVI5_0031",
    "hsa-EVI5_0022",
    "hsa-EVI5_0002",
    "hsa-EVI5_0096",
    "hsa-EVI5_0038",
    "hsa-EVI5_0032",
    "hsa-EVI5_0007"
  ],
  "PNUTS": [
    "hsa-AHNAK_0001",
    "hsa-MAPK9_0010"
  ],
  "FTO": [
    "hsa-CHD1L_0011"
  ],
  "SUGP2": [
    "hsa-CHD1L_0011"
  ],
  "HRSP12": [
    "hsa-ANKRD12_0037"
  ],
  "ZNF224": [
    "hsa-RMRP_0005"
  ],
  "PABPN1": [
    "hsa-CHD1L_0011"
  ],
  "SF3AF3": [
    "hsa-CHD1L_0011"
  ],
  "MATR3": [
    "hsa-NDUFA10_0012",
    "hsa-FAM120A_0006",
    "hsa-KDM1A_0031",
    "hsa-NUP54_0020",
    "hsa-CHD1L_0011",
    "hsa-NDUFA10_0012",
    "hsa-FAM120A_0006",
    "hsa-KDM1A_0031",
    "hsa-NUP54_0020"
  ],
  "FXR2": [
    "hsa-CHD1L_0011",
    "hsa-GCN1_0003",
    "hsa-PRKCB_0001",
    "hsa-FKBP8_0005",
    "hsa-BACH1_0001",
    "hsa-RREB1_0003",
    "hsa-NBAS_0039"
  ],
  "HNRNPM": [
    "hsa-CHD1L_0011",
    "hsa-VRK1_0002",
    "hsa-CEP192_0029",
    "hsa-NBAS_0001",
    "hsa-NDUFA10_0012",
    "hsa-PTTG1IP_0002",
    "hsa-FAM120A_0006",
    "hsa-TBCD_0002",
    "hsa-DNAH14_0003",
    "hsa-PICALM_0001",
    "hsa-BAGE2_0001",
    "hsa-NUP54_0020"
  ],
  "BUD13": [
    "hsa-CHD1L_0011",
    "hsa-GCN1_0003",
    "hsa-PHKB_0001",
    "hsa-PIP5K1C_0009",
    "hsa-FARSA_0001",
    "hsa-NDUFA10_0012",
    "hsa-PTTG1IP_0002",
    "hsa-PHC3_0005",
    "hsa-AFF1_0001",
    "hsa-RREB1_0003",
    "hsa-TMEM181_0002",
    "hsa-TMEM181_0004",
    "hsa-KMT2C_0001",
    "hsa-KIAA0368_0046",
    "hsa-KIF2C_0001",
    "hsa-NUDC_0004",
    "hsa-CDYL_0005",
    "hsa-BANP_0012"
  ],
  "GRWD1": [
    "hsa-CHD1L_0011",
    "hsa-MGA_0008",
    "hsa-PHKB_0001",
    "hsa-CEP192_0029",
    "hsa-FANCL_0001",
    "hsa-PTTG1IP_0002",
    "hsa-GALNT7_0001",
    "hsa-CCNB1_0001",
    "hsa-RREB1_0003",
    "hsa-COA1_0003",
    "hsa-ZKSCAN1_0001",
    "hsa-EPHB4_0003",
    "hsa-KIF2C_0001",
    "hsa-NUDC_0004",
    "hsa-EZH2_0001",
    "hsa-ZMYND8_0004",
    "hsa-RHOBTB3_0011",
    "hsa-PAFAH1B2_0004",
    "hsa-NBAS_0039",
    "hsa-DNAH14_0002",
    "hsa-DNAH14_0003",
    "hsa-DEK_0003",
    "hsa-AC090094_0001"
  ],
  "U2AF2": [
    "hsa-CHD1L_0011",
    "hsa-ZMYM4_0001",
    "hsa-HIPK3_0001",
    "hsa-ZFAND6_0001",
    "hsa-ANKRD12_0037",
    "hsa-URI1_0007",
    "hsa-RARS_0012",
    "hsa-KMT2C_0001",
    "hsa-UBAP2_0051",
    "hsa-FAM120A_0006",
    "hsa-DNAJC6_0001",
    "hsa-NFATC3_0009",
    "hsa-EZH2_0001",
    "hsa-VAPA_0001",
    "hsa-ATP5C1_0007",
    "hsa-RHOBTB3_0011",
    "hsa-NBAS_0039",
    "hsa-FAM120A_0002",
    "hsa-ZMYM4_0001",
    "hsa-PICALM_0001",
    "hsa-BAGE2_0001",
    "hsa-DEK_0003",
    "hsa-AC090094_0001"
  ],
  "SF3B4": [
    "hsa-CHD1L_0011",
    "hsa-CEP85_0006",
    "hsa-VRK1_0002",
    "hsa-UBE3A_0005",
    "hsa-PHKB_0001",
    "hsa-ANKRD12_0037",
    "hsa-CEP192_0029",
    "hsa-PIP5K1C_0009",
    "hsa-PPP1R12C_0005",
    "hsa-FANCL_0001",
    "hsa-PTTG1IP_0002",
    "hsa-SMARCA5_0005",
    "hsa-CCNB1_0001",
    "hsa-RARS_0012",
    "hsa-RREB1_0003",
    "hsa-RANBP9_0001",
    "hsa-KMT2C_0001",
    "hsa-RBM33_0009",
    "hsa-ATXN2_0002",
    "hsa-TBCD_0002",
    "hsa-VAPA_0001",
    "hsa-PAFAH1B2_0004",
    "hsa-GALK2_0003",
    "hsa-SNHG4_0001",
    "hsa-KDM1A_0031",
    "hsa-PICALM_0001",
    "hsa-COCH_0001",
    "hsa-DEK_0003"
  ],
  "UCHL5": [
    "hsa-CHD1L_0011",
    "hsa-CEP85_0006",
    "hsa-MAN1A2_0002",
    "hsa-ARHGAP12_0031",
    "hsa-METTL3_0002",
    "hsa-RBM23_0007",
    "hsa-MGA_0008",
    "hsa-SLTM_0001",
    "hsa-PRKCB_0001",
    "hsa-CEP192_0029",
    "hsa-FANCL_0001",
    "hsa-REV1_0002",
    "hsa-NDUFA10_0012",
    "hsa-USP25_0001",
    "hsa-BACH1_0001",
    "hsa-PTTG1IP_0002",
    "hsa-RSRC1_0001",
    "hsa-CTBP1_0001",
    "hsa-TBC1D14_0034",
    "hsa-SMARCA5_0005",
    "hsa-FBXW7_0005",
    "hsa-RREB1_0003",
    "hsa-ZKSCAN1_0001",
    "hsa-KMT2C_0001",
    "hsa-RBM33_0009",
    "hsa-ZCCHC7_0001",
    "hsa-FAM120A_0006",
    "hsa-NUDC_0004",
    "hsa-EZH2_0001",
    "hsa-ZMYND8_0004",
    "hsa-ATP5C1_0007",
    "hsa-FAM120A_0002",
    "hsa-CDYL_0005",
    "hsa-DDX21_0005",
    "hsa-KDM1A_0031",
    "hsa-BAGE2_0001",
    "hsa-DEK_0003",
    "hsa-AC090094_0001"
  ],
  "BCLAF1": [
    "hsa-MAN1A2_0004",
    "hsa-MAN1A2_0002",
    "hsa-MAN1A2_0003",
    "hsa-MAN1A2_0008",
    "hsa-CHD1L_0011"
  ],
  "TXN": [
    "hsa-RP1-283E3_0020",
    "hsa-HCG4P5_0003",
    "MT:1707|2224",
    "MT:1733|1922",
    "MT:2225|2385",
    "MT:14004|14149"
  ],
  "Androgen Receptor": [
    "hsa-S100PBP_0002",
    "hsa-FAM73A_0002",
    "hsa-DNAJC1_0002",
    "hsa-BARD1_0004",
    "hsa-BARD1_0006",
    "hsa-BARD1_0001",
    "hsa-UBXN4_0008",
    "hsa-BARD1_0007",
    "hsa-BARD1_0004",
    "hsa-CENPE_0074",
    "hsa-TGS1_0007",
    "hsa-MTDH_0033"
  ],
  "PRPF8": [
    "hsa-CHD1L_0011",
    "hsa-ZMYM4_0001",
    "hsa-PUM1_0014",
    "hsa-SFMBT2_0003",
    "hsa-GCN1_0003",
    "hsa-ANKRD12_0037",
    "hsa-PPP1R12C_0005",
    "hsa-NBAS_0001",
    "hsa-FANCL_0001",
    "hsa-XPO1_0002",
    "hsa-XPO1_0001",
    "hsa-ASXL1_0001",
    "hsa-AFF1_0001",
    "hsa-UIMC1_0001",
    "hsa-RREB1_0003",
    "hsa-TMEM181_0002",
    "hsa-KMT2C_0001",
    "hsa-RBM33_0009",
    "hsa-KIF2C_0001",
    "hsa-UXS1_0002",
    "hsa-LMBR1_0004",
    "hsa-VAMP3_0001",
    "hsa-VAPA_0001",
    "hsa-ATP5C1_0007",
    "hsa-PAFAH1B2_0004",
    "hsa-ZMYM4_0001",
    "hsa-SFMBT2_0001",
    "hsa-PICALM_0006",
    "hsa-PICALM_0001",
    "hsa-UXS1_0003"
  ],
  "RIG-I": [
    "hsa-HIPK3_0001",
    "hsa-ZNF124_0005"
  ],
  "ALYREF": [
    "hsa-NF2_0001",
    "hsa-LRP5_0002",
    " hsa-DOCK1_0010"
  ],
  "EGR1": [
    "hsa-RNF138_0001",
    "hsa-ATP2C1_0005"
  ],
  "MEX3A": [
    "MT:1982|2139",
    "MT:1997|2220",
    "MT:2225|2385",
    "MT:14004|14149",
    "MT:14135|14376",
    "hsa-ARHGAP12_0031",
    "hsa-BICC1_0001",
    "hsa-ADK_0006",
    "hsa-KIF20B_0038",
    "hsa-TUBA1A_0001",
    "hsa-CBX5_0002",
    "hsa-FGD6_0008",
    "hsa-NUSAP1_0010",
    "hsa-PEAK1_0006",
    "hsa-MT1JP_0001",
    "hsa-RP11-343H19_0002",
    "hsa-CDYL2_0001",
    "hsa-NCOR1_0010",
    "hsa-PRPSAP1_0003",
    "hsa-MTCL1_0002",
    "hsa-AXL_0002",
    "hsa-SAFB2_0001",
    "hsa-MAN1A2_0003",
    "hsa-MAN1A2_0008",
    "hsa-PRDM2_0015",
    "hsa-ASH1L_0028",
    "hsa-FAM131C_0002",
    "hsa-DCAF6_0017",
    "hsa-HP1BP3_0016",
    "hsa-USP48_0027",
    "hsa-TP53BP2_0002",
    "hsa-AKT3_0010",
    "hsa-VAPB_0004",
    "hsa-NAB1_0001",
    "hsa-GLS_0039",
    "hsa-SATB2_0001",
    "hsa-WDPCP_0026",
    "hsa-FNDC3B_0014",
    "hsa-SLC4A7_0002",
    "hsa-SLC4A7_0048",
    "hsa-SMARCA5_0005",
    "hsa-FAT1_0005",
    "hsa-FAM13B_0019",
    "hsa-TTC1_0002",
    "hsa-MYO10_0008",
    "hsa-IPO11_0001",
    "hsa-CENPK_0003",
    "hsa-LRP11_0001",
    "hsa-DEK_0003",
    "hsa-HCG4P5_0003",
    "hsa-ABCF1_0007",
    "hsa-HLA-B_0001",
    "hsa-CDYL_0005",
    "hsa-CCNC_0008",
    "hsa-intergenic_003989",
    "hsa-PILRB_0001",
    "hsa-FAM126A_0001",
    "hsa-SFRP4_0001",
    "hsa-PTK2_0001",
    "hsa-RP11-598P20_0003",
    "hsa-AL135787_0001"
  ],
  "MDA5": [
    "hsa-MGEA5_0028",
    "hsa-MGEA5_0001",
    "hsa-CNNM2_0001",
    "hsa-NT5C2_0010",
    "hsa-PDCD11_0003",
    "hsa-SLK_0065",
    "hsa-SMC3_0001",
    "hsa-PDCD4_0004",
    "hsa-EIF3A_0059",
    "hsa-BAG3_0001",
    "hsa-ZRANB1_0002",
    "hsa-ZRANB1_0001",
    "hsa-EDRF1_0007",
    "hsa-DOCK1_0022",
    "hsa-SEPHS1_0006",
    "hsa-ZMYND11_0002",
    "hsa-ZMYND11_0001",
    "hsa-NSUN6_0011",
    "hsa-ZMYND11_0017",
    "hsa-YME1L1_0018",
    "hsa-YME1L1_0035",
    "hsa-MASTL_0006",
    "hsa-MASTL_0007",
    "hsa-ZEB1_0020",
    "hsa-ZEB1_0019",
    "hsa-ZEB1_0026",
    "hsa-ZEB1_0024",
    "hsa-ZEB1_0002",
    "hsa-ZEB1_0147",
    "hsa-PITRM1_0011",
    "hsa-KIF5B_0004",
    "hsa-KIF5B_0016",
    "hsa-CCDC7_0003",
    "hsa-CUL2_0001",
    "hsa-AKR1C6P_0001",
    "hsa-FAM208B_0017",
    "hsa-GDI2_0005",
    "hsa-GDI2_0004",
    "hsa-JMJD1C_0004",
    "hsa-JMJD1C_0038",
    "hsa-HERC4_0010",
    "hsa-HNRNPH3_0017",
    "hsa-DNA2_0060",
    "hsa-DNA2_0015",
    "hsa-DNA2_0004",
    "hsa-CCAR1_0037",
    "hsa-CCAR1_0035",
    "hsa-CCAR1_0077",
    "hsa-SAR1A_0001",
    "hsa-PPP3CB_0006",
    "hsa-KAT6B_0030",
    "hsa-KIN_0008",
    "hsa-ATP5C1_0007",
    "hsa-FAM35A_0009",
    "hsa-KIF20B_0038",
    "hsa-TNKS2_0012",
    "hsa-TNKS2_0034",
    "hsa-BTAF1_0008",
    "hsa-BTAF1_0062",
    "hsa-CEP55_0007",
    "hsa-PLCE1_0024",
    "hsa-HELLS_0015",
    "hsa-HELLS_0011",
    "hsa-EXOSC1_0002",
    "hsa-R3HCC1L_0001",
    "hsa-DCUN1D5_0004",
    "hsa-DYNC2H1_0178",
    "hsa-DYNC2H1_0061",
    "hsa-RNF141_0001",
    "hsa-ALKBH8_0017",
    "hsa-NPAT_0018",
    "hsa-NPAT_0022",
    "hsa-NPAT_0001",
    "hsa-NPAT_0023",
    "hsa-ATM_0029",
    "hsa-ATM_0049",
    "hsa-ATM_0231",
    "hsa-ATM_0058",
    "hsa-ATM_0056",
    "hsa-ATM_0072",
    "hsa-ATM_0006",
    "hsa-ATM_0031",
    "hsa-ATM_0144",
    "hsa-ATM_0143",
    "hsa-ATM_0136",
    "hsa-ATM_0033",
    "hsa-PPP2R1B_0066",
    "hsa-KMT2A_0003",
    "hsa-DDX6_0015",
    "hsa-ARHGEF12_0021",
    "hsa-ARHGEF12_0049",
    "hsa-ARHGEF12_0085",
    "hsa-ARHGEF12_0042",
    "hsa-UBASH3B_0005",
    "hsa-CCDC15_0012",
    "hsa-CCDC15_0009",
    "hsa-CDON_0005",
    "hsa-APLP2_0011",
    "hsa-ZBTB44_0001"
  ],
  "TRA2A": [
    "hsa-CHD1L_0011",
    "hsa-SLTM_0001",
    "hsa-SAFB2_0001",
    "hsa-FBXW7_0005",
    "hsa-RBM33_0009",
    "hsa-DDX21_0005",
    "hsa-DEK_0003"
  ],
  "YBX3": [
    "hsa-DNAJC6_0001",
    "hsa-DNA2_0001",
    "hsa-SFMBT2_0001",
    "hsa-SFMBT2_0003",
    "hsa-ATP5C1_0007",
    "hsa-HIPK3_0001",
    "hsa-PICALM_0001",
    "hsa-COCH_0001",
    "hsa-SETD3_0001",
    "hsa-UBE3A_0005",
    "hsa-AAGAB_0001",
    "hsa-PRKCB_0001",
    "hsa-PHKB_0001",
    "hsa-GSE1_0001",
    "hsa-CEP192_0029",
    "hsa-FKBP8_0001",
    "hsa-URI1_0007",
    "hsa-UXS1_0003",
    "hsa-UXS1_0002",
    "hsa-NBAS_0039",
    "hsa-NDUFA10_0012",
    "hsa-NRIP1_0002",
    "hsa-USP25_0001",
    "hsa-PTTG1IP_0002",
    "hsa-MAPK1_0001",
    "hsa-TBC1D14_0034",
    "hsa-AFF1_0001",
    "hsa-KLHL8_0015",
    "hsa-RHOBTB3_0011",
    "hsa-RANBP9_0001",
    "hsa-MAP3K4_0002",
    "hsa-DEK_0003",
    "hsa-CDYL_0005",
    "hsa-EPHB4_0003",
    "hsa-KMT2C_0001",
    "hsa-COA1_0003",
    "hsa-AC068533_0001",
    "hsa-ZKSCAN1_0001",
    "hsa-DNAJC6_0001"
  ],
  "ZNF800": [
    "hsa-KDM1A_0031",
    "hsa-NUDC_0004",
    "hsa-KIF2C_0001",
    "hsa-ATP5C1_0007",
    "hsa-PAFAH1B2_0004",
    "hsa-FKBP8_0005",
    "hsa-NBAS_0039",
    "hsa-VAPB_0004",
    "hsa-CRKL_0001",
    "hsa-RHOBTB3_0011",
    "hsa-KMT2C_0001",
    "hsa-RBM33_0009"
  ],
  "NONO": [
    "hsa-TBCD_0002",
    "hsa-PTTG1IP_0002",
    "hsa-CTBP1_0001"
  ],
  "ZC3H8": [
    "hsa-SNHG4_0001"
  ],
  "QK1": [
    "hsa-ANKRD12_0037",
    "hsa-FANCL_0001",
    "hsa-XPO1_0001",
    "hsa-UIMC1_0001",
    "hsa-TMEM181_0002",
    "hsa-KDM1A_0031",
    "hsa-DNAH14_0002",
    "hsa-DNAH14_0003",
    "hsa-PICALM_0006",
    "hsa-PICALM_0001"
  ],
  "MTPAP": [
    "hsa-GON4L_0069",
    "hsa-ANKRD12_0037",
    "hsa-RBM33_0009",
    "hsa-NUDC_0004"
  ],
  "AATF": [
    "hsa-SNHG4_0001"
  ],
  "ZNF622": [
    "hsa-SDF4_0001",
    "hsa-CEP85_0006",
    "hsa-VRK1_0002",
    "hsa-SLTM_0001",
    "hsa-AAGAB_0001",
    "hsa-ANKRD12_0037",
    "hsa-REV1_0002",
    "hsa-NDUFA10_0012",
    "hsa-VAPB_0004",
    "hsa-PTTG1IP_0002",
    "hsa-AFF1_0001",
    "hsa-SMARCA5_0005",
    "hsa-FBXW7_0005",
    "hsa-RREB1_0003",
    "hsa-KMT2C_0001",
    "hsa-RBM33_0009",
    "hsa-UBAP2_0051",
    "hsa-FIRRE_0001",
    "hsa-ATXN2_0002",
    "hsa-KIF2C_0001",
    "hsa-NUDC_0004",
    "hsa-EZH2_0001",
    "hsa-VAPA_0001",
    "hsa-ZMYND8_0004",
    "hsa-RHOBTB3_0011",
    "hsa-NBAS_0039",
    "hsa-CDYL_0005",
    "hsa-DDX21_0005",
    "hsa-KDM1A_0031",
    "hsa-ZMYM4_0001",
    "hsa-DNAH14_0002",
    "hsa-DNAH14_0003",
    "hsa-BAGE2_0001",
    "hsa-DEK_0003",
    "hsa-AC090094_0001"
  ],
  "PUM2": [
    "hsa-ARHGAP12_0031",
    "hsa-MIB1_0003",
    "hsa-BACH1_0001",
    "hsa-PTTG1IP_0002",
    "hsa-MPP6_0005",
    "hsa-MAPK1_0001",
    "hsa-DEK_0003"
  ],
  "AGGF1": [
    "hsa-SFMBT2_0001",
    "hsa-SFMBT2_0003",
    "hsa-SLTM_0001",
    "hsa-ANKRD12_0037",
    "hsa-CTBP1_0001",
    "hsa-RBM33_0009",
    "hsa-ZCCHC7_0001"
  ],
  "ZRANB2": [
    "hsa-ARHGAP12_0031"
  ],
  "AKAP8L": [
    "hsa-CTBP1_0001"
  ],
  "ABCF1": [
    "hsa-SNHG12_0001"
  ],
  "KHSRP": [
    "hsa-MAN1A2_0004",
    "hsa-MAN1A2_0002",
    "hsa-MAN1A2_0003",
    "hsa-MAN1A2_0008",
    "hsa-SFMBT2_0003",
    "hsa-CORO1C_0003",
    "hsa-VRK1_0002",
    "hsa-UBE3A_0005",
    "hsa-SLTM_0001",
    "hsa-ZFAND6_0001",
    "hsa-ANKRD12_0037",
    "hsa-CEP192_0029",
    "hsa-MIB1_0003",
    "hsa-URI1_0007",
    "hsa-FANCL_0001",
    "hsa-XPO1_0002",
    "hsa-XPO1_0001",
    "hsa-REV1_0002",
    "hsa-NDUFA10_0012",
    "hsa-BACH1_0001",
    "hsa-PHC3_0005",
    "hsa-FAM13B_0019",
    "hsa-RARS_0012",
    "hsa-UIMC1_0001",
    "hsa-RANBP9_0001",
    "hsa-MPP6_0005",
    "hsa-TNPO3_0002",
    "hsa-KMT2C_0001",
    "hsa-RBM33_0009",
    "hsa-ESYT2_0009",
    "hsa-UBAP2_0013",
    "hsa-FAM120A_0006",
    "hsa-ATXN2_0002",
    "hsa-NRIP1_0002",
    "hsa-LMBR1_0004",
    "hsa-VAPA_0001",
    "hsa-ATP5C1_0007",
    "hsa-RHOBTB3_0011",
    "hsa-NBAS_0039",
    "hsa-FAM120A_0002",
    "hsa-MAPK1_0001",
    "hsa-KDM1A_0031",
    "hsa-DNAH14_0003",
    "hsa-SFMBT2_0001",
    "hsa-PICALM_0006",
    "hsa-PICALM_0001",
    "hsa-BAGE2_0001",
    "hsa-NUP54_0020",
    "hsa-DEK_0003",
    "hsa-AC090094_0001"
  ],
  "SLTM": [
    "hsa-CTBP1_0001"
  ],
  "EIF4G2": [
    "hsa-CEP192_0029",
    "hsa-PTTG1IP_0002",
    "hsa-TBCD_0002",
    "hsa-PICALM_0001"
  ],
  "NOLC1": [
    "hsa-ARHGAP12_0031",
    "hsa-GCN1_0003",
    "hsa-PHKB_0001",
    "hsa-PIP5K1C_0009",
    "hsa-CRKL_0001",
    "hsa-PHC3_0005",
    "hsa-AFF1_0001",
    "hsa-TMEM181_0002",
    "hsa-TMEM181_0004",
    "hsa-ZKSCAN1_0001",
    "hsa-EPHB4_0003",
    "hsa-UBAP2_0051",
    "hsa-KIF2C_0001",
    "hsa-TBCD_0002",
    "hsa-NFATC3_0009",
    "hsa-RNF138_0001",
    "hsa-CDYL_0005"
  ],
  "TARDBP": [
    "hsa-UBE3A_0005",
    "hsa-FOXK2_0001",
    "hsa-CEP192_0029",
    "hsa-BACH1_0001",
    "hsa-PTTG1IP_0002",
    "hsa-RBM33_0009",
    "hsa-PICALM_0001",
    "hsa-BAGE2_0001",
    "hsa-NUP54_0020"
  ],
  "METAP2": [
    "hsa-PRKCB_0001",
    "hsa-FKBP8_0001",
    "hsa-FKBP8_0005",
    "hsa-CTBP1_0001",
    "hsa-EPHB4_0003",
    "hsa-NFATC3_0009"
  ],
  "AQR": [
    "hsa-CEP85_0006",
    "hsa-GCN1_0003",
    "hsa-SLTM_0001",
    "hsa-FOXK2_0001",
    "hsa-FKBP8_0001",
    "hsa-RTN4_0001",
    "hsa-REV1_0002",
    "hsa-PTTG1IP_0002",
    "hsa-CCNB1_0001",
    "hsa-RREB1_0003",
    "hsa-KMT2C_0001",
    "hsa-RBM33_0009",
    "hsa-DNAJC6_0001",
    "hsa-AC068533_0001",
    "hsa-ANXA7_0012",
    "hsa-VAMP3_0001",
    "hsa-EZH2_0001",
    "hsa-VAPA_0001",
    "hsa-ZMYND8_0004",
    "hsa-PAFAH1B2_0004",
    "hsa-DDX21_0005",
    "hsa-MAPK1_0001",
    "hsa-SNHG4_0001",
    "hsa-PICALM_0001",
    "hsa-BANP_0012",
    "hsa-BAGE2_0001",
    "hsa-DEK_0003"
  ],
  "RMB22": [
    "hsa-ANKRD12_0037",
    "hsa-CEP192_0029",
    "hsa-NBAS_0001",
    "hsa-XPO1_0002",
    "hsa-XPO1_0001",
    "hsa-KIF2C_0001",
    "hsa-PICALM_0006",
    "hsa-PICALM_0001",
    "hsa-DEK_0003"
  ],
  "TIA1": [
    "hsa-ANKRD12_0037",
    "hsa-RANBP9_0001",
    "hsa-PTP4A2_0001",
    "hsa-KDM1A_0031",
    "hsa-PICALM_0001",
    "hsa-AC090094_0001"
  ],
  "HNRNPL": [
    "hsa-ANKRD12_0037",
    "hsa-CTBP1_0001",
    "hsa-TNPO3_0002",
    "hsa-RBM33_0009",
    "hsa-ATXN2_0002",
    "hsa-EZH2_0001"
  ],
  "U2AF1": [
    "hsa-HIPK3_0001",
    "hsa-KMT2C_0001",
    "hsa-ATP5C1_0007",
    "hsa-PICALM_0001",
    "hsa-AC090094_0001"
  ],
  "PCBP1": [
    "hsa-NFATC3_0001",
    "hsa-GSE1_0001",
    "hsa-NFATC3_0009",
    "hsa-ANXA7_0012"
  ],
  "YWHAG": [
    "hsa-PICALM_0001",
    "hsa-CTBP1_0001"
  ],
  "RBM15": [
    "hsa-CEP85_0006",
    "hsa-ARHGAP12_0031",
    "hsa-PHKB_0001",
    "hsa-RTN4_0001",
    "hsa-BACH1_0001",
    "hsa-CRKL_0001",
    "hsa-TBC1D14_0034",
    "hsa-AFF1_0001",
    "hsa-FBXW7_0005",
    "hsa-RANBP9_0001",
    "hsa-ZKSCAN1_0001",
    "hsa-PCMTD1_0002",
    "hsa-ZCCHC7_0001",
    "hsa-KIF2C_0001",
    "hsa-NFATC3_0009",
    "hsa-VAPA_0001",
    "hsa-ZMYND8_0004",
    "hsa-ATXN7_0001",
    "hsa-NBAS_0039",
    "hsa-CDYL_0005",
    "hsa-ZMYM4_0001",
    "hsa-BAGE2_0001"
  ],
  "DDX3X": [
    "hsa-AAGAB_0001",
    "hsa-CTBP1_0001",
    "hsa-ANXA7_0012",
    "hsa-PAFAH1B2_0004"
  ],
  "GEMIN5": [
    "hsa-CTBP1_0001"
  ],
  "NIPBL": [
    "hsa-PHKB_0001",
    "hsa-SNHG4_0001",
    "hsa-ZCCHC7_0001"
  ],
  "LSM11": [
    "hsa-CTBP1_0001"
  ],
  "CSTF2T": [
    "hsa-SFMBT2_0003",
    "hsa-CEP192_0029",
    "hsa-PTTG1IP_0002",
    "hsa-CTBP1_0001",
    "hsa-SFMBT2_0001"
  ],
  "LIN28B": [
    "hsa-CEP192_0029",
    "hsa-CRKL_0001",
    "hsa-CTBP1_0001",
    "hsa-FAM13B_0019",
    "hsa-RARS_0012",
    "hsa-RANBP9_0001",
    "hsa-ZCCHC7_0001",
    "hsa-VAPA_0001",
    "hsa-RHOBTB3_0011",
    "hsa-PICALM_0001",
    "hsa-AC090094_0001"
  ],
  "DDX24": [
    "hsa-CEP85_0006",
    "hsa-PRKCB_0001",
    "hsa-PHKB_0001",
    "hsa-GSE1_0001",
    "hsa-FKBP8_0005",
    "hsa-REV1_0002",
    "hsa-EPHB4_0003",
    "hsa-KMT2C_0001",
    "hsa-RBM33_0009",
    "hsa-FAM120A_0006",
    "hsa-KIF2C_0001",
    "hsa-TBCD_0002",
    "hsa-RHOBTB3_0011",
    "hsa-NBAS_0039",
    "hsa-FAM120A_0002",
    "hsa-PICALM_0001"
  ],
  "FXR1": [
    "hsa-NBAS_0039",
    "hsa-RTN4_0001",
    "hsa-BACH1_0001"
  ],
  "IGF2BP1": [
    "hsa-HIPK3_0001",
    "hsa-MGA_0049",
    "hsa-ZFAND6_0001",
    "hsa-PHKB_0001",
    "hsa-NFATC3_0001",
    "hsa-CEP192_0029",
    "hsa-XPO1_0001",
    "hsa-BACH1_0001",
    "hsa-CRKL_0001",
    "hsa-AFF1_0001",
    "hsa-RANBP9_0001",
    "hsa-TMEM181_0002",
    "hsa-TMEM181_0004",
    "hsa-COA1_0003",
    "hsa-UBAP2_0051",
    "hsa-FAM120A_0006",
    "hsa-ZBTB44_0001",
    "hsa-NFATC3_0009",
    "hsa-RNF138_0001",
    "hsa-PTPRA_0004",
    "hsa-ANXA7_0012",
    "hsa-VAPA_0001",
    "hsa-ATP5C1_0007",
    "hsa-RHOBTB3_0011",
    "hsa-FAM120A_0002",
    "hsa-CDYL_0005",
    "hsa-DDX21_0005",
    "hsa-MAPK1_0001",
    "hsa-PICALM_0006",
    "hsa-PICALM_0001"
  ],
  "RPS3": [
    "hsa-NUDC_0004",
    "hsa-ANXA7_0012",
    "hsa-ATP5C1_0007"
  ],
  "PUM1": [
    "hsa-SDF4_0001",
    "hsa-GON4L_0069",
    "hsa-SLTM_0001",
    "hsa-USP25_0001",
    "hsa-ZKSCAN1_0001",
    "hsa-NUDC_0004",
    "hsa-VAPA_0001",
    "hsa-ABHD2_0002",
    "hsa-NBAS_0039",
    "hsa-CDYL_0005",
    "hsa-KDM1A_0031",
    "hsa-DEK_0003"
  ],
  "SAFB2": [
    "hsa-DNAH14_0003",
    "hsa-CTBP1_0001",
    "hsa-FIRRE_0001"
  ],
  "DROSHA": [
    "hsa-SFMBT2_0003",
    "hsa-PTTG1IP_0002",
    "hsa-CTBP1_0001",
    "hsa-NFATC3_0009",
    "hsa-SFMBT2_0001"
  ],
  "PTBP1": [
    "hsa-NBAS_0001",
    "hsa-FANCL_0001",
    "hsa-PHC3_0005",
    "hsa-UBXN7_0006",
    "hsa-FAM120A_0006",
    "hsa-NRIP1_0002",
    "hsa-SNHG4_0001",
    "hsa-KDM1A_0031",
    "hsa-ZMYM4_0001",
    "hsa-SFMBT2_0001",
    "hsa-PICALM_0001",
    "hsa-NUP54_0020",
    "hsa-MAP3K4_0002"
  ],
  "EXOSC5": [
    "hsa-MAN1A2_0002",
    "hsa-VRK1_0002",
    "hsa-PTTG1IP_0002",
    "hsa-DNAH14_0003",
    "hsa-PICALM_0001",
    "hsa-BAGE2_0001"
  ],
  "SMNDC1": [
    "hsa-PTTG1IP_0002",
    "hsa-SNHG4_0001"
  ],
  "SRSF7": [
    "hsa-ZCCHC7_0001",
    "hsa-SNHG12_0001",
    "hsa-LMBR1_0004",
    "hsa-DEK_0003"
  ],
  "XRN2": [
    "hsa-PTTG1IP_0002"
  ],
  "XRCC6": [
    "hsa-UBE3A_0005"
  ],
  "ZC3H11A": [
    "hsa-DNAH14_0003",
    "hsa-DNAH14_0002"
  ],
  "DDX51": [
    "hsa-PHKB_0001"
  ],
  "SAFB": [
    "hsa-ANKRD12_0037",
    "hsa-MAP3K4_0002"
  ],
  "DDX55": [
    "hsa-FKBP8_0001"
  ],
  "EWSR1": [
    "hsa-TBCD_0002",
    "hsa-CTBP1_0001"
  ],
  "FAM120A": [
    "hsa-MAN1A2_0002",
    "hsa-MAN1A2_0003",
    "hsa-MAN1A2_0008",
    "hsa-MPP6_0005"
  ],
  "FUS": [
    "hsa-PTTG1IP_0002",
    "hsa-CTBP1_0001"
  ],
  "FMR1": [
    "hsa-GCN1_0003",
    "hsa-MIB1_0003",
    "hsa-NBAS_0039"
  ],
  "PHF6": [
    "hsa-PHKB_0001",
    "hsa-SNHG4_0001"
  ],
  "PABPC4": [
    "hsa-FKBP8_0001",
    "hsa-CCNB1_0001"
  ],
  "RBFOX2": [
    "hsa-TBCD_0002",
    "hsa-MAN1A2_0003",
    "hsa-MAN1A2_0002"
  ],
  "GTF2F1": [
    "hsa-SDF4_0001",
    "hsa-SFMBT2_0003",
    "hsa-ANKRD12_0037",
    "hsa-CTBP1_0001",
    "hsa-SFMBT2_0001",
    "hsa-PICALM_0001"
  ],
  "SND1": [
    "hsa-SDF4_0001",
    "hsa-RTN4_0001",
    "hsa-PTTG1IP_0002",
    "hsa-CCNB1_0001",
    "hsa-ATP5C1_0007"
  ],
  "EFTUD2": [
    "hsa-VRK1_0002",
    "hsa-PHKB_0001",
    "hsa-FARSA_0001",
    "hsa-NBAS_0001",
    "hsa-XPO1_0001",
    "hsa-RARS_0012",
    "hsa-RREB1_0003",
    "hsa-ESYT2_0009",
    "hsa-KIF2C_0001",
    "hsa-KDM1A_0031",
    "hsa-PICALM_0001",
    "hsa-DEK_0003"
  ],
  "IGF2BP2": [
    "hsa-SFMBT2_0003",
    "hsa-HIPK3_0001",
    "hsa-TMED2_0001",
    "hsa-SETD3_0001",
    "hsa-MGA_0049",
    "hsa-ZFAND6_0001",
    "hsa-PHKB_0001",
    "hsa-NFATC3_0001",
    "hsa-GSE1_0001",
    "hsa-BACH1_0001",
    "hsa-CRKL_0001",
    "hsa-PHC3_0005",
    "hsa-PHC3_0006",
    "hsa-AFF1_0001",
    "hsa-RREB1_0003",
    "hsa-TMEM181_0002",
    "hsa-TMEM181_0004",
    "hsa-COA1_0003",
    "hsa-TNPO3_0002",
    "hsa-UBAP2_0051",
    "hsa-FAM120A_0006",
    "hsa-NFATC3_0009",
    "hsa-PTPRA_0004",
    "hsa-FAM120A_0002",
    "hsa-CDYL_0005",
    "hsa-SFMBT2_0001",
    "hsa-PICALM_0006",
    "hsa-PICALM_0001"
  ],
  "KHDRBS1": [
    "hsa-PICALM_0001",
    "hsa-ZMYND8_0004",
    "hsa-KMT2C_0001"
  ],
  "CPSF6": [
    "hsa-SLTM_0001",
    "hsa-RHOBTB3_0011",
    "hsa-DEK_0003"
  ]
}